Name,Dominant_Topic,Topic_1_Pct,Topic_2_Pct,Topic_3_Pct
10 Pots Steamboat & Grill,1,80.16,13.61,2.05
129 Tok Jiring = Kedai Nasi Arab Taiba,1,78.99,12.9,3.43
16 Bro Cafe,3,79.85,14.31,2.11
368 Sam Hok Paet Thai Restaurant,6,71.62,20.64,4.82
49 Ikan Bakar Tepi Sungai,4,74.8,19.69,3.02
4Fingers Crispy Chicken,1,71.75,18.47,4.67
88 Lucky Seafood Restaurant,6,63.91,24.5,9.07
A&W,1,66.71,19.39,7.35
A&W Pantai Batu Buruk,1,65.38,20.54,9.18
Aa Cafe,4,83.1,9.49,4.23
Aa Kitchen,2,62.32,35.57,0.73
"Abc ,Pisang Goreng .",4,65.8,20.48,6.68
Abc Station,4,78.21,14.1,2.44
Abe Gee Tomyam,1,69.77,16.08,4.24
Abe Yiee Nasi Kukus,6,48.65,47.78,1.4
Abezi Nasi Kerabu,1,41.6,33.06,14.37
Aboh Corner,1,76.36,13.03,3.2
Acid Dungun Corner,5,74.38,16.76,2.95
Adam Tomyam,1,60.15,25.74,6.28
Adams Kitchen By Chef Pijie,4,70.26,17.0,8.12
Adilroti,5,56.22,26.37,12.51
Ah Hong Homemade (Ah Hong Cafe),3,62.14,20.72,12.46
Ah Wah Pan Mee Pasar,5,67.95,19.27,3.82
Ah Yan Fish Noodle,6,77.81,17.89,1.91
Aijaa Kitchen X Ayin Dine,4,72.01,18.6,4.8
Aima Grill Fish Restaurant,6,69.18,22.78,4.94
Air Jernih,6,63.05,25.34,5.17
Aisyah Ikan Bakar Tok Jiring,2,65.35,27.15,4.58
Aji Aji Seafood,6,70.79,21.78,4.87
Ak Steamboat,4,71.78,15.45,7.61
Akok Open Bako Dlm Van,6,73.04,16.69,3.15
Al Safina Kijal Beach Resort & Restaurant,1,69.23,25.19,3.08
Aminah Nasi Dagang,2,59.13,33.71,2.15
Aminah Tom Yam,4,74.29,16.9,2.7
Amirul Thai & Malay Restaurant,1,48.3,29.98,16.74
Amki Cafe - Seberang Takir,5,68.93,21.22,5.96
Amr Char Koteaw,4,66.96,25.88,2.56
Amr Nasi Kandar Melayu,4,72.12,22.6,1.82
Amz Seafood,1,53.22,28.96,12.7
Anak Besut Container Cafe,1,76.65,17.26,3.38
Anjung Makan,1,49.06,30.42,12.02
Anjung Selera Kota Putera,3,80.56,15.27,1.3
Aqish Burger,2,82.86,4.98,3.55
Arang Steamboat,1,75.9,9.92,4.43
Arel Burger,4,74.43,14.74,3.43
Aroma Kitchen,5,75.99,15.18,5.61
Asak Smokehouse,5,79.71,13.89,4.35
Asam Pedas Johor,2,68.37,22.65,4.32
Auntie Dayana'S,6,65.31,25.31,7.85
Authentic Terengganu Breakfast(11B),2,62.86,11.37,9.22
Awie Satar & Otak-Otak,3,56.89,26.23,13.11
Ayahwan Ikan Bakar,1,58.78,31.97,5.36
Ayam 7 Goreng,1,63.54,28.77,4.52
Ayam Gepuk Ag ( Cawangan Dungun ),4,69.55,25.27,3.28
Ayam Gepuk Ibuk Bapak,1,65.23,19.5,12.14
Ayam Gepuk Pak Gembus,1,73.56,14.58,6.62
Ayam Gepuk Pak Gembus Gong Badak,1,71.31,21.38,5.01
Ayam Gepuk Pak Zayn,5,40.74,38.91,19.1
Ayam Gepuk Rempah Jogja,5,58.18,24.16,12.15
Ayam Gepuk Ridhwan,4,63.86,29.68,4.52
Ayam Gepuk Sambal Bawang + Lada,2,65.45,20.37,7.12
Ayam Gepuk Steseng,4,69.29,22.36,4.06
Ayam Golek Hawaii,4,39.84,39.11,7.27
Ayam Madu Kinabalu,4,65.19,17.32,5.44
Ayam Penyet Ap,1,89.24,2.77,2.41
Ayam Penyet Soho,2,66.86,27.4,1.86
Ayam Pusing 360,4,50.68,28.64,9.0
Ayam Sixstones,2,57.53,30.91,6.05
Ayam Tempayan Kg Raja,4,60.87,24.24,8.69
Ayub Cikko,2,85.65,4.25,3.04
Ayunie Nasi Kukus Ayam Berempah,4,77.14,9.68,4.02
Az Seafood,1,57.69,18.53,16.65
Azie Cafe,4,79.18,12.92,2.42
Azmi Sate Jam Besar,5,54.14,22.34,12.97
Azr Signature,4,77.1,21.02,0.66
Azuwa Caf,5,77.01,12.36,3.4
"Baiduri Kitchen Kemaman Ikan Bakar, Masakan Thai & Panas",1,59.3,29.58,6.37
Bakatawa,4,59.75,29.32,5.12
Bam Patty By Budak Kitchen,5,72.3,17.06,5.55
Ban Munok Cafe,1,65.84,23.2,5.86
Ban Yeow Seafood Restaurant,1,67.34,23.31,7.9
Banafsha,5,66.41,18.91,9.75
Banana Leaf Restaurant - Nasi Daun Pisang,6,71.97,19.65,4.72
Bayou Beach Cafe,5,51.39,29.94,15.46
Bayu Restaurant,1,71.68,20.79,2.78
Bb Seafood Garden,6,64.26,25.33,6.08
Bb Shell Food,1,72.68,17.82,4.04
Ben Fishball Noodle,6,57.75,28.05,8.93
"Beranda Restaurant, Duyong Marina & Resort",3,73.02,19.13,2.3
Bf Celup Tepung,4,52.57,43.68,1.29
Bintang Laut Restaurant,4,78.54,13.94,3.82
"Bitsy Bakery, Gong Limau, Kemaman (Best Cake And Dessert In Kemaman)",1,68.98,18.8,8.21
Bless These Kitchen,4,55.06,31.6,3.85
Bo'S Cafe Awok Iter,1,70.74,19.85,4.96
Bo'S Roaster & Burger,4,72.0,8.62,5.75
Bonsai Thai Food Restaurant,4,73.89,14.78,6.05
Botok Food Corner,4,71.22,20.33,4.61
Bumbu Babah,1,65.91,19.36,7.17
Burger Batu6,4,82.74,4.94,3.56
Burger Bt,4,70.76,14.01,4.46
Burger Ustaz,4,74.34,7.64,5.36
Cafe (Yaain Cafe),4,70.0,20.04,4.92
Cafe Joegolok Kerteh,1,53.0,29.55,12.78
Cafila Cafe,5,57.79,27.53,8.26
Cahaya Mesra Seafood 4,6,62.79,26.93,7.62
Captain Jack'S,4,65.08,19.44,7.3
Casa Dinda By Nostimo'S,1,69.88,22.69,3.64
Celup Tepung Dikolam Mandi Teluk Bayu,1,68.28,22.7,2.79
Celup Tepung Tepi Pantai,4,71.08,16.87,3.64
Cendol Durian Ketagih,1,56.27,23.91,16.71
Cendol Kaw (Surau Batu 6),4,64.32,24.7,3.66
Cendol Pasar Batu 6,4,74.5,22.79,0.94
Chang Wang Restaurant,1,41.71,27.52,9.3
Char Kuey Teow Orang Mude By Fz Corner,1,85.39,4.06,3.18
Che Mah Nasi Kukus,5,52.24,28.21,13.83
Cheetita Dim Sum,6,68.66,19.59,7.58
Cherating Steakhouse Restaurant,5,61.91,26.66,9.29
Cherating Tomyam Seafood,4,65.4,13.85,6.43
Cherofee Coffee And Sandwich Smoke (Coffee Besut),5,54.14,25.09,12.3
Chicken Dance ( Kuala Berang ),5,60.94,35.81,1.48
Chicken Dance ( Rimba Square),1,74.57,14.66,3.97
Chillaxgate Restaurant,2,54.78,30.62,4.79
Chobby Seafood,6,69.45,18.06,7.58
Chubit Chubit Ikan Bakar Telok Kalong,1,49.0,33.0,11.71
Chuk Lim Vege Restaurant,5,73.67,19.29,2.3
Churros Kuala Berang By Orked Dchurros,4,51.44,28.21,14.07
Cik Kioh Kuih Muih Kmn Trg Malaysia.,4,70.56,20.68,2.52
Club Med Cherating Rembulan Restaurant,1,59.18,32.3,5.82
Coffee Garden (Paya Bunga Square Utc),1,66.79,18.29,10.62
Combi Grill,5,62.46,28.86,4.35
Concept Cafe,1,58.28,16.04,7.93
Cozy Cafe,4,55.46,22.57,12.68
Cpn Restaurant,6,60.56,29.33,7.29
Crocodile Rock Bistro,1,62.56,26.1,6.23
Cucu Raja Ikan Bakar,6,51.46,31.95,10.61
D Bulatan Lampu,2,71.6,12.56,8.23
D Cherating Cafe,1,68.82,23.55,4.98
D Laksa Mesra Mall,4,56.33,33.43,7.13
D&G Kijal Celup Tepung,6,72.56,20.96,3.6
D' Apple Fried Chicken,4,77.76,16.4,3.68
D' Pantai Tomyam,6,66.11,22.87,4.58
D' Tunggal Seafood,6,64.31,22.74,7.38
D'Arianna Restoran,6,62.69,26.18,7.76
D'Besi Ikan Celup Tepung,6,62.52,23.86,8.03
D'Besut Seafood,1,68.85,18.44,4.86
D'Ganu Steamboat & Cafe,6,57.19,26.3,14.33
D'Hatimu Coffee,5,74.14,16.08,5.97
D'Nibong Family,4,74.56,14.73,4.21
D'Payang Kitchen,1,70.65,15.6,4.86
D'Penambang Floating Restaurant,2,72.92,12.85,4.23
D'Perahu Seafood,6,60.65,26.76,9.3
D'Perahu Setiu Seafood,1,66.76,18.69,8.8
"D'Rhu Bayu Seafood Restaurant, Marang, Terengganu.",6,62.42,24.71,7.85
D'Suasane Ibai Restaurant,1,69.39,20.2,6.37
Daebak Chickeng,5,71.8,20.25,2.51
Dapple Fried Chicken Kuala Berang,4,85.05,8.78,2.82
Dapur Bear,4,44.49,41.16,9.71
Dapur Halwa (Roti Bakar & Kopi),1,70.36,18.23,4.47
Dapur Kak Mai Coway,1,81.23,8.63,3.09
Dataran,3,67.14,20.04,6.84
De 'Daun,1,55.32,30.4,11.25
De' Office Cafe & Restaurant,1,70.08,22.71,4.5
Dee Dee Restaurant,6,61.43,28.83,6.48
Deelight Restaurant,5,69.82,23.76,3.9
Delima Ikan Bakar Wanna,2,58.96,28.62,4.06
Demong Cafe,6,80.51,10.96,4.37
Der Okb Catering Restaurant,4,79.87,7.83,3.65
Dera Chicken Chop Maggi Power,4,42.86,29.58,23.43
Derak Cafe,1,69.18,22.6,4.49
Dgn Point,4,71.62,13.11,8.19
Di Atas Sungei,1,57.12,28.17,11.55
Dieyah Citarasa Tomyam,4,88.05,3.5,2.5
Din Maju Streetfood,4,92.76,4.75,0.86
Din Satay,1,71.59,8.55,7.08
Din Tomyam Seafood,1,68.62,16.04,7.56
Dinung Cafe,4,67.11,23.24,5.72
Disemai Restaurant,4,69.79,20.47,3.54
Dn Western Food,1,69.46,19.93,4.74
Dnora Seafood & Western Banjir,1,74.59,15.6,4.45
Domino'S Pizza,1,76.08,19.04,2.18
Dperahu Seafood,3,60.95,32.01,4.54
Dperahu Thaifood,6,53.57,30.59,11.18
Drumoh Pata,3,68.92,17.61,8.37
Dsobrie,4,87.74,3.52,2.52
Dungun,1,66.5,8.08,7.66
Dungun Curry House Nasi Daun Pisang,1,70.03,21.86,4.41
Dungun Yong Tau Fuu (Balai Besar),1,75.75,12.13,4.49
Dynar Lekor,6,59.11,30.7,6.64
Edy Kafe,2,66.21,23.61,6.88
Eleven Kitchen Street,1,66.47,8.1,7.67
Era Cafe,2,57.52,28.95,7.46
Erra Restoran,2,61.9,20.1,8.33
Eyka Seafood Restoran,4,79.86,9.14,4.08
Fadzly Sambal Factory,4,62.31,25.0,4.25
Fairfield Kitchen,3,87.62,3.68,2.53
Famous Fried Chicken,1,74.11,15.05,6.2
Fatehah & Family Corner,6,59.36,28.89,6.48
Fbr Global Resources,4,85.08,4.35,3.05
Felda Residence,1,73.98,13.41,8.87
"Fuddrehab Chukai, Terengganu (Best Nasi Arab In Kemaman)",5,61.93,23.99,10.43
Galley,1,63.65,18.37,9.98
Garasi Cafe,4,85.19,4.25,3.04
Geliga Bus Terminal Food Court,5,53.64,29.26,9.6
Gerai D'Bira Bukit Geliga,4,71.42,21.99,2.77
Gerai Kaktie Nasi Kueh Pagi,4,74.93,14.27,6.77
Gerai Makan Tiang Kayu,4,81.3,5.36,3.84
Gerai Mee Sup Pak Din (Mekcek),2,86.55,6.69,2.13
Gerai Nasi Lemak Cik Nor,2,88.12,3.52,2.52
Golden Dragon Restaurant,6,64.24,29.33,3.97
Goreng Pisang Nge Kuih Mokcik Jaroh,2,75.25,11.05,5.64
Grey House Cafe,1,78.71,12.71,2.72
Haji Pok Long Ict (Ikan Celup Tepung),6,64.38,19.55,9.93
Hana Burger,5,59.9,27.13,6.06
Hbo Pink House,6,62.58,27.45,5.27
"Hentian Mesra Corner, Kemasek",2,48.97,35.2,8.25
Hi Bob/Uncle Bob Fried Chicken,4,69.31,17.9,6.34
Hillmee Seafood,1,80.99,8.74,5.41
Hoho Place Restaurant,5,63.5,25.79,7.78
Hotel Uitm,1,53.07,31.24,10.72
Hr Mee Champa 3 - Kuala Berang,5,60.92,25.47,9.32
Hr Mee Champa Gong Badak,1,67.09,23.41,4.7
Hulu Terengganu District Council,4,72.83,15.24,7.1
Ict Kak Ani Celup Tepung,6,58.67,31.43,6.86
Ikan Bakar Darul Falah,1,64.94,23.92,6.56
Indian Food,1,66.57,22.9,3.07
Inn Roti Canai & Nasi,4,73.23,17.58,5.66
Intan Seafood Restaurant,6,64.53,23.37,8.56
Itaewon House,5,61.22,23.02,13.74
Jak Sate Dataran,2,59.53,28.53,5.47
Jala Mas Coffee House,1,81.85,11.16,2.06
Joehan Nasi Kukus,4,59.33,29.45,5.08
Jomo Eatery Kuala Nerus,5,59.39,26.7,10.52
Jubille Nasi Ayam,4,59.79,28.41,9.63
K Ilah,4,52.56,31.9,5.36
K Restoran Kak Nur,1,65.74,20.24,4.64
Kabinkuninggaung,3,74.29,7.4,5.3
Kafe Sifu Teh Lapis,4,63.81,17.22,15.66
Kafeteria Sekolah Menengah Sains,1,84.06,3.85,3.65
Kak Ani Ayam Bakar,4,62.37,26.63,4.49
Kak Pah Nasi Dagang,6,58.41,26.8,9.21
Kak Pah Nasi Dagang 3 (Caw Pantai Miami),1,58.38,30.98,4.55
Kak Su Laksa Dan Laksam,2,91.16,2.62,1.87
Kak Tie Nasi Kerabu,4,72.13,16.91,4.01
Kak Yah Sate Chalok 2,5,71.91,15.62,7.26
Kak Zai Ayam Berempah,4,76.04,11.69,6.13
Kakilima,1,71.62,14.06,11.0
Kakilima.My,5,57.72,24.42,12.24
Kampung Burger Cawangan Dungun Cawangan 2 Taman Poket (Arena Square),5,44.62,44.07,4.25
Kampung Cina Cafe,6,82.42,12.11,2.18
Kampung Darat Pak Chan,3,74.15,14.84,3.18
Kampung Kitchen,6,75.55,14.47,4.89
Kampung Pachakan Ikan Bakar,1,59.09,23.91,9.89
Kari Kepala Ikan Merah Haji Musa,1,68.4,17.56,7.6
Kari Kepala Ikan Uwais Al Qarni Kg Telaga Kuala Berang,4,73.63,18.16,3.46
Karim Masakan Panas,4,79.15,18.64,0.77
Katsetiu Villas,1,55.79,29.19,11.24
Kawa Signature,1,71.37,19.56,3.12
Kayu Manis Restaurant,1,63.02,22.95,9.19
Kb Rampai Restaurant,1,68.31,17.04,8.73
Kb Shisha Point 99,4,66.07,12.99,6.34
Kbbsteak,5,64.57,22.4,11.52
Kd Fried Chicken ( Kdfc ),1,65.7,22.09,9.32
Keda Makang Mamamia,4,71.79,16.9,6.26
Kedai Abe Lan,4,71.87,20.43,4.58
"Kedai Air Buah Gelas Besar Terengganu ""Air Buah Pak San""",6,56.18,26.35,10.77
Kedai Cik Ngah No. 2,1,81.95,7.31,3.38
Kedai Dapur Aryan,4,77.98,6.32,4.52
Kedai Depe Rumoh,4,64.11,21.72,8.84
Kedai Keropok Lekor (Sulekor),4,56.59,29.11,6.49
Kedai Keropok Lekor 1010 (Aneka Keropok),4,77.26,6.54,4.85
Kedai Keropok Lekor Gong Pasir,1,63.24,24.97,3.89
Kedai Kopi Aji Aji,4,76.29,15.03,4.78
Kedai Kopi Hai Peng,6,52.61,26.42,15.76
Kedai Kopi Rong Shu Xia,6,66.33,24.44,5.63
Kedai Kopi Tim Kam Leng,6,67.65,24.36,4.65
Kedai Kuning 2,3,59.1,24.02,16.21
Kedai Makan Al-Hijrah Oasis,5,65.37,19.3,10.89
Kedai Makan Ani Ton,4,89.53,3.0,2.16
Kedai Makan Baung Meraung,4,72.29,15.03,3.94
Kedai Makan Cikgu Rani,3,71.5,15.28,6.97
Kedai Makan D' Syukur,1,76.76,10.47,5.19
Kedai Makan Gulai Ayam Kampung Kak Yah,1,77.39,11.37,3.4
Kedai Makan Kak Nah,4,69.36,19.36,6.83
Kedai Makan Kuala,5,59.28,29.67,4.37
Kedai Makan Maa Selera Baung,1,71.02,10.06,8.63
Kedai Makan Maidam Kak Ton,2,57.02,29.45,8.5
Kedai Makan Mustafa,2,67.29,25.66,2.19
Kedai Makan N Surprise,1,72.68,15.18,3.66
Kedai Makan Pantai Kelulut,1,68.15,21.28,3.83
Kedai Makan Sedap Murah Ueleen Corner,3,72.06,13.18,7.92
Kedai Makan Selera Anak,4,58.52,20.59,6.3
Kedai Makan Selera Timur Kak Zah,2,81.88,5.36,3.84
Kedai Makan Selli Mi Rebus & Roti Canai,4,72.03,14.76,6.92
Kedai Makan Seri Gaung,1,61.37,20.23,10.74
Kedai Makan Sri Pinang,3,57.94,19.04,13.92
"Kedai Makan Sup Tulang Dan Sup Belut,Amz Mudahkire Ent.",4,74.06,16.45,6.22
Kedai Makan Tamada,4,92.77,2.09,1.48
Kedai Makan Teh Yah Nasi Dagang,1,55.7,29.01,10.34
Kedai Makan Tomyam Pok Tek,4,57.44,26.3,4.93
Kedai Makan Wan Dali,4,66.04,24.14,4.66
Kedai Makan Wan Sabil,3,62.44,23.9,7.98
Kedai Makan Warung Kita,2,54.25,39.69,2.11
Kedai Makan(Nasi Lemak Crispy Fried Chicken )Kemaman,4,64.91,26.77,3.44
Kedai Makang Belagoangin,1,51.01,28.75,14.68
Kedai Masakan Panas On Off,2,75.44,7.27,5.21
Kedai Mee Celup,1,71.0,18.83,4.79
Kedai Mee Sup Tok Jembal,5,52.85,30.71,13.58
Kedai Napi,1,70.6,13.52,7.16
Kedai Nasi Air Kak Long,4,76.44,8.85,6.72
Kedai Nasi Ayam,4,88.61,6.34,2.21
Kedai Nasi Ayam & Royak Ayam Viral,4,48.03,41.78,3.52
Kedai Nasi Ayam Corner Lot Goreng,4,91.91,2.32,1.66
Kedai Nasi Ayam Yunan Mat Rafi,2,67.39,23.87,4.06
Kedai Nasi Berlauk Moksu Yah Tok Sabah,6,71.51,17.54,6.04
Kedai Nasi Budu - Ani Selera Kampung,6,59.6,23.28,10.59
Kedai Nasi Dagang Kak Nani,1,50.01,28.19,18.38
Kedai Nasi Dagang Kubang Badak,1,58.77,26.6,6.79
Kedai Nasi Kerabu Kambing Bakar Kg.Buruk,4,61.84,24.21,5.79
Kedai Nasi Ulam Sedap Sokmo Tepi Sungai,4,66.53,26.03,5.38
Kedai Roti Canai Adik Beradik 2,4,68.42,15.29,7.67
Kedai Roti Canai Kadir,4,72.04,16.14,7.27
Kedai Roti Canai Pok Din,1,25.2,18.05,17.11
Kedai Roti Tempayan,5,55.09,22.96,12.0
Kedai Sattar,2,67.45,23.23,4.41
Kedai Sikyang Wiwa Fc,4,63.87,27.55,2.76
Kedai Umi Tomyam,2,71.56,15.7,4.18
Kedai Usop Roti Canai,4,74.8,11.85,4.54
Keladi Western Hut,5,73.27,17.86,5.5
Kelulut Beach,3,61.9,26.61,7.15
Kemaman Kitchen,1,67.2,17.37,8.13
Kemaman Kopitiam Original,1,68.51,21.41,7.59
Kemaman Mee Ikan,6,75.76,15.98,4.68
Kemaman Nasi Dagang,1,68.05,27.26,1.48
Kemaman Sizzling Hot Plate.,4,59.86,24.36,7.88
Kemaman Station Kopitiam,1,69.83,20.77,4.53
Kenny Rogers Roasters,1,62.49,29.12,3.59
Kepok Ori Mat Adang,4,71.56,20.13,4.7
Keropok Cap Bot Nelayan,6,61.13,25.72,8.52
Keropok Lekor 008 Kelulut,6,70.68,14.64,7.38
Keropok Lekor Cap Kapal 2,1,59.01,19.07,11.49
Keropok Lekor Damai,4,72.85,15.46,5.73
Keropok Lekor J91,4,74.51,17.4,4.32
Keropok Lekor Kak Jah,2,76.96,16.55,2.32
Keropok Lekor Kamal (Pok Die) Cherating,6,72.76,18.31,5.55
Keropok Lekor Kuala Berang (Kb Leko Hq),4,64.7,22.64,8.09
Keropok Lekor Mek Han,4,71.16,18.47,5.89
Keropok Lekor Padang Air,4,76.5,13.98,3.06
Keropok Lekor Pok Loh Kerteh,6,70.73,17.69,5.28
Keropok Lekor Rosa,4,63.32,23.97,5.77
Keropok Lekor Wawa Merang & Iwawa Cafe,6,60.61,24.65,8.71
Keropok Lekor Zaki,4,64.0,21.04,9.61
Keropok Losong Lekor 996 (Dungun),4,89.53,3.0,2.15
Ketapang Restaurant,1,75.15,14.39,3.17
Kfc,1,67.9,20.82,5.64
Kfc Dataran Austin,1,76.96,15.5,3.19
Kfc Kijal,1,77.56,15.81,3.92
Kfc Kuala Berang,1,68.0,19.23,6.11
Kfc Petron Dungun Southbound Drivethru,1,80.36,12.02,2.86
Kfc Petron Kg Raja,1,76.51,10.99,4.56
Kiddo'S Cafe,6,72.7,17.9,5.3
Kilang Keropok Araf,6,65.28,23.72,6.97
Kilang Keropok Ikan Natrah,4,71.67,17.12,3.76
Kim Wah Chicken Rice,5,63.09,22.2,8.48
Kin A-Rai Restaurant,4,63.43,23.42,6.13
Kin Aroy Bistro,1,70.09,16.41,8.29
Kopi Ais Mamu Ikat Tepi Kuala Besut X Kacip Thingy,4,82.07,5.16,3.68
Kst Ikan Bakar Kuala Ibai,1,63.06,24.12,8.81
Kuala Besut Terminal Cafe,3,66.32,20.03,8.61
Kupi Uncle Cafe,3,71.62,22.49,2.42
La Wood Cafe,1,66.15,24.31,5.78
Lagenda Restaurant At Raia Hotel & Convention Centre,3,61.56,22.78,6.3
Laila Restaurant,1,72.26,16.12,5.05
Laila Tomyam Maju,6,79.08,16.47,1.47
Laksa,4,90.37,7.06,0.74
Laman Selera Unisza,1,63.9,22.37,6.35
Lantana Char Kuetiau & Mi Rebus,5,46.4,45.23,3.06
Layali Al Arab,4,70.87,17.84,5.64
Lekorr Kita,4,52.66,39.75,2.62
Leong Seafood Restaurant,1,61.53,25.38,8.54
Lily Tomyam,6,62.86,11.29,8.1
Long Beach Cafe Espresso,1,65.03,23.29,8.24
Lowstaq Station,5,48.31,27.44,14.5
Lucky Star Kopitiam,5,76.81,17.87,3.42
Lukman Satay,2,63.02,20.33,5.3
M U N O H,4,73.42,20.99,2.27
Ma Ani Selera Kampung,6,61.05,18.43,11.7
Madi Ikan Bakar & Masakan Panas,4,67.16,22.94,3.12
Magari Station (Western Besut),5,67.39,24.01,5.17
Maggi Tomyam Air Nyiur,4,81.3,5.36,3.84
Mak Teh Nasi Kerabu,2,53.96,25.95,11.65
Mak Wan Mee Sup Melayu Champa,5,58.28,24.14,10.39
Makang Makang,1,56.83,26.71,13.1
Malaya Food Station,4,61.79,31.24,3.53
Mama Cafe,1,62.21,30.94,2.12
Mamatin Kitchen,6,49.43,26.91,16.18
Manis Cafe,1,56.84,28.43,10.42
Mans Kitchen - Roti Tempayan,1,65.46,18.86,7.77
Mare Nero - The Taaras Redang,1,60.04,20.83,11.56
Mariah Corner,2,76.05,19.42,1.56
Marissa Kedai Hijau,6,40.46,39.12,7.27
Maro Western Bukit Chatak,4,75.51,15.87,5.06
Marrybrown,1,59.63,23.46,10.29
Martion Western Food,5,73.24,20.7,3.19
Master Pisang,4,74.95,19.22,3.82
"Mateema Ikan Bakar Dan Seafood,Kampung Raja Besut,Terengganu (The Best Ikan Bakar Dapur Arang In Besut)",1,61.41,28.26,5.15
Maya La Cottage,4,76.56,6.97,4.89
Mcdonald'S,1,66.49,23.67,6.5
Mcdonald'S Gong Badak Dt,1,62.52,21.81,9.69
Mcdonald'S Kuala Terengganu Dt,1,64.52,25.23,6.6
Mcdonald'S Sri Kerteh Dt,1,73.17,18.18,5.32
Mcdonalds Caltex Chukai Dt,1,68.33,20.28,6.79
Mcts (Mr Celup Tepung Station),3,61.4,24.23,7.9
Medan Ikan Bakar & Chalet I-Brang,3,62.32,23.35,6.31
Medan Ikan Bakar Check Pah,2,88.98,3.31,2.36
Medan Ikan Bakar Kuala Ibai (Bawah Jambatan),6,59.61,27.77,8.9
Medan Ikan Bakar Seri Warisan,1,50.74,29.63,10.79
Medan Selera Mualaf Macma,5,51.85,31.13,10.67
Mee Celop Ori Klate,2,61.87,11.28,8.09
Mee Celup Jeram Hulu,4,75.72,17.71,2.67
Mee Celup Kak Dah Rosid,1,68.05,18.52,7.77
Mee Celup Legend,4,81.3,5.36,3.84
Mee Champa Rokandis,4,72.07,16.14,6.02
Mee Ikan Ayah Ku,2,64.79,25.43,4.46
Mee Sup Celup Warisan,4,82.59,5.0,3.58
Mee Sup Sue Bunga,4,53.08,26.91,15.39
Meesup Stambung,4,74.04,22.55,1.07
Mei Fong Curry Noodles,5,62.12,27.15,8.44
Merchang Station (New Owner),1,56.82,28.33,8.78
Mi Goreng Kubor,2,61.75,23.89,8.78
Mie Ikan Bakar Jeti,1,63.53,22.52,7.89
Mijeng Corner,4,79.23,12.15,2.65
Mike 2 Seafood Restaurant,1,62.48,25.6,7.7
Milan Satay Seafood And Drinks,4,77.47,16.67,3.03
Miss Cabin Western Food,5,60.09,27.62,8.65
Mk Celup Tepung Kelulut,6,76.23,17.79,2.66
Mk Galaxy Restaurant,1,71.94,18.46,6.06
Mok Kite Tomyam Seafood,4,52.57,31.9,5.36
Mok Ngoh Nasi Dagang,6,46.21,31.83,17.49
Mok Teh Yang,6,63.3,20.07,11.54
Monkey Hut Cafe & Bed,1,68.48,25.03,3.98
Mr Adib Food House,1,68.13,19.55,7.59
Mr Churros (Chukai),4,55.92,22.85,6.59
Mr.Dakgalbi Ktcc Mall,1,59.66,24.83,11.22
Mrs. Mean'S Cafe,4,70.17,17.67,6.86
Muaz And Family Tomyam,4,92.74,2.08,1.49
Murtabak Rusa Warisan Kota Temir,4,70.38,19.76,6.38
My Family Ikan Bakar,4,73.81,16.23,5.56
My Rasa Cafe,3,63.08,24.11,4.11
Mystreet Pizza,4,62.8,25.42,5.07
Mystreet Pizza Dapur Kayu,1,70.91,19.92,2.8
Myta Food Cafe & Bistro,1,69.61,18.86,3.37
Nabihah Seafood,1,70.03,17.04,7.72
Naj D' Leaf,6,61.74,25.49,8.97
Nasi Air Abe Mae,4,73.15,14.13,3.72
Nasi Arab Al Joud,1,61.86,28.53,6.91
Nasi Arab Anwaar Al-Yaman,1,75.82,17.27,3.51
Nasi Arab Toif,4,69.16,22.24,3.78
Nasi Ayam Batu 6,1,67.8,10.44,6.67
Nasi Ayam Hainan Sue'S Style,1,78.34,5.94,4.69
Nasi Ayam Kak Mah,4,70.54,19.27,3.52
Nasi Ayam Kampung D Anie,2,80.42,9.28,3.21
Nasi Ayam Kasturi Pok Piee,2,81.88,5.36,3.84
Nasi Ayam Legasi,2,63.43,29.39,3.31
Nasi Ayam Legasi Gong Badak,1,48.4,32.72,11.99
Nasi Ayam Yunnan,1,65.03,23.8,7.29
Nasi Bajet Bawah Jejantas,2,62.44,32.29,1.83
Nasi Berlauk Ayoh Su Jak,6,50.31,31.83,12.39
Nasi Berlauk Juedin,1,57.51,25.14,6.36
Nasi Berlauk Malam Kakda,4,76.08,13.35,3.14
Nasi Berlauk Malam Kg. Nail,4,68.11,22.9,5.07
Nasi Dagang & Nasi Lemak F1,4,91.98,2.3,1.64
Nasi Dagang Atas Tol - Kelulut,1,59.68,24.11,8.78
Nasi Dagang Atas Tol - Kg Atas Tol,1,53.8,24.28,13.57
Nasi Dagang Cik Der,4,90.88,2.62,1.87
Nasi Dagang Corner,1,79.46,10.87,2.96
Nasi Dagang D' Tapang,2,58.69,21.21,13.89
Nasi Dagang Kak B Terbaikkk,1,61.44,22.5,10.57
Nasi Dagang Mmeknani Gong Badak,2,74.71,14.37,6.5
Nasi Dagang Mok Kiter (Kak Pah Nasi Dagang),5,62.77,25.68,8.36
Nasi Dagang Nasi Minyak Roti Canai Besut(Restoran Mak Su Yah),3,72.94,9.96,7.87
Nasi Dagang Ori Gong Pasir,1,58.32,29.85,4.78
Nasi Dagang Pok Yusop,2,58.18,27.34,8.05
Nasi Dagang Sapa Malam,6,64.17,20.32,7.15
Nasi Dagang Teluk Pasu Tepi Highway,2,65.01,29.55,1.82
Nasi Dagang/Nasi Minyak/Nasi Lemak/Pulut Kuning Kuala Berang,2,55.64,28.83,5.36
Nasi Kandar Nur Salam Trg,4,69.17,19.41,3.73
Nasi Kerabu Gaung,2,62.67,18.84,6.69
Nasi Kerabu Golok Kg Raja,4,62.69,35.89,0.49
Nasi Kerabu Kufa,4,64.41,22.69,4.06
Nasi Kerabu Sebenar,1,62.7,25.48,7.59
Nasi Kerabu Warisan Nusantara,2,53.75,25.42,11.58
Nasi Kukus A&A ( ),4,71.08,27.14,0.63
Nasi Kukus Alom,2,64.03,27.76,5.62
Nasi Kukus F1,5,55.54,29.92,8.41
Nasi Kukus Sempoi Alias 2,6,55.59,26.78,11.98
Nasi Kukus Umira,4,74.34,19.83,2.14
Nasi Kunyit Soru,4,52.58,31.88,5.36
Nasi Lemak Cek Nie,1,60.46,20.43,12.75
Nasi Lemak Lerek,4,66.15,30.26,1.24
Nasken Coffee,1,68.05,22.21,7.8
Nasken Coffee Kampung Raja,1,70.14,18.1,6.72
Nelayan Restoran Pulau Serai (Misi Azlina),5,56.23,21.13,14.32
Nenos Kitchen,5,74.08,13.04,6.76
Nia Cafe,1,54.27,28.18,12.31
Niey'S Nasi Air,1,58.06,25.84,12.17
Nnburger,4,74.89,19.61,1.92
No.6 Foodcourt Suragate,3,65.96,24.82,2.71
Noor Tomyam 2 & Nasi Arab,2,68.07,21.4,5.68
Northern Thai Cafe & Restaurant,6,66.15,24.87,5.95
Nr Cafe,1,63.59,25.48,8.61
Nr Cafe Pata,1,57.86,31.19,8.27
Nurqaseh Chicken Chop,1,83.02,10.56,2.55
Nyiur Pantai Sauh,6,68.14,23.18,6.69
Ocean Cafe,4,55.63,24.15,16.73
Oden Oishi,4,75.81,15.28,4.04
Ohlala Divers,1,62.3,24.25,9.47
Ombak Cafe,1,59.74,22.51,11.8
Ombok Cherating Surf Cafe,6,55.44,26.57,10.93
On The Way Kopitiam - K.Terengganu,3,52.52,33.81,9.96
One Cafe,1,83.54,5.33,3.34
Orange & Black Cafe - Shell Out Viral,4,70.87,17.11,6.15
Our House Restaurant,1,59.76,27.93,9.61
Pak Awang Satay,2,69.57,24.66,1.98
Pak Awie'S Nasi Air,1,54.95,29.86,11.3
Pak Tam Restoran,4,64.9,25.31,3.26
Pakmat Western,4,74.84,10.79,4.41
"Pantai Penarik, Setiu",3,56.97,26.72,13.63
Papa King Pizza,4,65.08,29.14,1.67
Papa Teh Dine & Chill - Port Laksa Penang Padu Di Terengganu !,1,57.56,27.58,10.12
Patin Vs Baung Tempoyak Bajet Kuala Nerus,2,80.71,5.81,4.1
Pattaya One Restaurant,6,81.35,10.78,3.8
Payang Corner,5,59.94,26.44,9.55
Pejabat Belia Dan Sukan Daerah,4,69.95,11.54,8.09
Penang Ori Cafe Char Koay Teow,4,70.3,19.23,5.04
Penarik Beach,3,60.17,23.89,9.82
Perhentian Idaman Cafe,6,60.82,26.13,8.41
Permai Penyayang Cafe Dan Chalet,4,74.46,18.17,2.34
Perniagaan Nasi Minyak Tuan (Restaurant And Catering Services),1,41.95,37.39,11.35
Pine Beach Cafe/Restaurant,4,79.23,12.18,2.62
Pisang Goreng Mok Yoh,4,48.24,37.18,7.78
Pizza Best,1,71.06,15.51,8.46
Pizza Hut Delivery Gong Badak,1,69.89,19.42,4.76
Pizza Hut Delivery Kuala Berang,1,71.94,16.87,7.37
Pizza Hut Restaurant Dataran Austin,1,76.07,17.16,3.0
Pizza Medira,5,65.23,27.95,4.07
Plato Cafe,2,60.18,25.05,7.29
Pok Din Kopi Power,2,66.34,23.8,3.2
Pok Tam Western,4,90.13,2.9,2.01
Pokdin Yong Tau Foo / Steamboat & Grill,4,64.53,27.26,5.0
Polkadot Steamboat & Grill,4,65.76,19.27,8.04
Port Kopi Kaki Bukit Kg Geliga Pantai,4,69.73,20.45,4.66
Qimily Celup Tepung,6,68.08,21.44,7.53
Qween'S Diner,3,62.19,23.18,8.83
R&R Perasing Arah K.Terengganu,1,57.6,28.43,10.09
Rahmatt Tomyam,4,70.86,16.94,5.18
Rahsia Kitchen,5,64.35,21.58,9.54
Raisya Nasi Kukus Ayam Berempah,5,66.32,22.62,3.61
Rancabali Cafe,2,55.65,38.97,1.86
Rasa Restaurant,6,57.18,26.88,13.43
Ratoh Ketam Seafood Corner,4,72.55,18.64,4.82
Resorts World Kijal,1,56.64,30.94,7.73
Restaurant Al-Safina,1,61.28,17.01,8.08
Restaurant C.B.Wee,1,66.83,20.75,10.49
Restaurant Farhan,3,54.95,27.05,12.5
Restaurant Kak Sah,4,68.11,20.64,5.27
Restaurant Lian Fong Yuen,6,70.98,18.98,5.11
Restaurant Mj,1,65.93,24.84,6.2
Restaurant Ocean,6,67.29,23.52,6.83
Restaurant Saiful 21,1,77.01,13.94,4.64
Restaurant Stuff Crab,6,63.65,21.44,11.28
Restaurant Tanjung Jara,1,72.72,14.68,6.32
Restaurant Teck Lai,1,68.9,20.51,6.28
Restaurant Win Thong Zen,6,72.77,17.2,5.27
Resteron Ikan Bakar Hulala,6,73.41,18.66,3.13
Restoran & Katering Kusyam Nasi Kukus,3,66.19,19.64,7.89
Restoran Abu Nur,4,68.37,19.64,7.25
Restoran Aiman Aida,1,74.77,14.84,3.13
Restoran Al-Baik,3,59.73,27.36,8.44
Restoran Anjung Seri,1,45.98,24.5,14.86
Restoran Aroma Arab Global,5,63.21,24.4,6.56
Restoran Aroma Kampung,6,64.19,22.26,8.63
Restoran Asia Signature,1,67.89,20.65,6.36
Restoran Azimah,2,78.8,12.56,3.0
Restoran B'Beteng,3,63.61,23.47,8.82
Restoran Baiduri,4,64.22,29.89,1.91
Restoran Bamboo Village,4,73.96,15.92,5.94
Restoran Bowoh Pokok,4,74.92,14.9,3.07
Restoran Buluh Perindu,1,62.51,24.18,9.58
Restoran Chekna,1,62.96,20.88,6.97
Restoran China Town,6,60.67,31.93,3.33
Restoran Chuan Kee,5,63.82,26.28,7.82
Restoran D'Lampu (Ikan Bakar),1,65.18,16.76,11.19
Restoran Dar Al Yaman,3,71.52,19.38,5.94
Restoran Diana Seafood,4,78.76,17.98,1.14
Restoran Dkl Santapan Puteri,2,81.87,5.37,3.84
Restoran Duyong,1,56.21,27.84,13.47
Restoran Gemilang,1,75.04,16.77,3.05
Restoran Gossip Kitchen,5,62.0,27.31,7.97
Restoran Guan Fatt,1,65.72,20.25,9.45
Restoran Hafeez,5,66.38,24.26,6.37
"Restoran Hentian Rehat My Family, Setiu Terengganu.",2,75.9,17.83,2.01
Restoran Kak Na Patin Poyok,4,82.3,12.88,1.54
Restoran Kak Zah,3,61.08,27.16,4.98
Restoran Kak Zie,4,77.9,14.32,4.05
Restoran Kampung Kita,4,46.16,38.28,5.39
Restoran Kerabat Raja Ikan Bakar,2,58.6,36.95,1.55
Restoran Laguna Ikan Bakar,6,54.64,24.82,9.91
Restoran Lempeng,3,57.24,23.08,11.49
Restoran Malaysia (Seafood),6,70.7,21.93,4.98
Restoran Mat Kedai Binjai,6,63.04,27.92,6.29
Restoran Mawar Mekar,4,81.97,11.15,2.13
Restoran Montona,6,59.0,23.07,12.14
Restoran Plan A,1,72.07,17.86,5.99
Restoran Pok Shah Ikan Bakar Lunch Menu,4,71.88,21.44,3.36
Restoran Poknoor Ikan Bakar 2,1,67.95,18.82,9.19
Restoran Polis Evo,1,68.89,25.53,2.54
Restoran Putera Duyong,6,54.66,30.39,11.56
Restoran Rafidah,5,70.51,21.93,2.69
Restoran Ramai,1,54.58,30.27,9.63
Restoran Rumbia Western & Seafood,1,59.82,31.58,5.83
Restoran Salamath,1,71.89,15.5,6.59
Restoran Santong,6,72.47,18.35,3.96
Restoran Selera Ulu,3,67.42,20.7,5.44
Restoran Selere Bonda,4,76.51,20.17,1.09
Restoran Sin Bing Kee,6,69.49,19.6,3.61
Restoran Sri Pandan,1,60.11,24.2,8.14
Restoran Sup Sri Adidah,4,72.56,13.9,4.14
Restoran The Dapo,1,62.38,24.31,8.57
Restoran Tong Cheng,6,65.5,27.3,4.98
Restoran Warisan Tok Ayah Seafood,4,72.01,18.74,4.41
Restoranharraz,1,60.62,23.46,7.6
Rezto Cafe,1,68.37,22.73,3.78
Rhopi.Trg,6,53.4,32.33,9.52
Riverbank Dungun Guesthouse & Caf,1,65.75,24.14,6.86
Rojak Kateh Madu Dapur Arang,4,60.65,11.29,8.08
Roselle,1,67.6,24.94,2.24
Rosemarry Cafe,3,58.34,25.93,10.94
Roti Binjai Legend (Kayu Keramat Gergasi),5,67.28,18.24,10.38
Roti Canai Pok Weil,2,59.27,28.51,4.25
Roti Canai Sarang Burung,4,68.55,25.22,2.0
Roti Canai Sedak Molek,4,65.52,22.73,5.45
Roti Canai Sedap Padu,4,80.62,8.31,6.56
Roti Canai Walid Adeera,4,82.76,8.9,2.52
Roti Jala House,4,85.19,4.25,3.04
Roti Paung Special Cmah,3,70.32,17.62,7.35
Roti Sarang Burung,3,56.36,25.65,11.71
Roti Tempayan Pok Syed,1,79.84,8.37,3.51
Rr Jabor Tomyam Kelapa Seafood,1,74.16,12.02,5.82
Rr Station,5,30.09,29.86,28.93
Ruliz Aiskrim & Pizza,4,78.76,6.24,4.42
Rumah Makan Mek,4,85.6,7.25,2.06
Rumah Singgah Cafe,4,59.78,28.26,10.16
Rumbia Hill View Restaurant,1,64.07,21.73,5.48
Safar Restaurant,1,62.63,22.09,8.35
Sahabatku Restoran,4,74.65,7.27,5.21
Salaza & Sons Bike Cafe,5,61.5,27.19,8.64
Saltwater Kopitiam,1,64.0,22.7,7.15
Sambalado Corner & Biryani Damsyiq,2,56.07,39.1,1.84
Samsul Racha Tomyam Ala Thai,6,71.78,13.08,9.33
Samudera Cafe,3,47.62,46.66,1.66
Samurai Street Burger,4,80.66,11.89,2.87
Santai Restaurant,1,68.13,18.71,10.74
Santai Tomyam,1,76.34,18.18,1.58
Sara Thai Kitchen Balok,6,60.85,31.28,4.98
Sarapan Pagi 5.30Am,6,41.07,38.64,7.28
Sarapanpagi Eatry,1,78.4,5.22,4.94
"Satar & Otak-Otak Che Wan Geliga,Kemaman Trg.",3,44.95,31.16,17.3
Satay,4,47.38,31.62,12.19
Satay Adi,2,57.22,36.06,2.32
Satay Dato Keramat,2,49.13,30.39,7.69
Satay Kajang,5,66.06,22.73,7.98
Sate Awe Lembey,1,83.02,4.44,3.74
Satey Norizan,2,85.62,4.27,3.05
Seaba Seafood,6,56.83,24.98,14.03
Secret Recipe,1,71.13,20.03,3.94
Secret Recipe Kuala Berang,1,67.72,22.38,5.1
Sedapdough Pizza,4,60.98,16.22,10.58
Sejati Chinese Mix Rice,6,71.93,19.34,4.36
Sekoci,1,66.88,18.55,10.64
Selera Awie,2,62.39,21.84,9.19
Selera Dd,1,82.09,4.72,4.01
Selera Merdeka Tom Yam Seafood Pak Hashim,6,58.46,31.78,6.45
Selera Nasi Kukus,1,63.07,22.07,7.69
Senor Corner,4,73.2,16.35,3.38
Sentosa Secret Cafe,4,60.59,28.67,6.84
Seoul Garden Buffet,1,57.64,28.17,8.45
Serasa Thai,1,78.62,14.04,2.28
Seroja Indah Resepi,6,55.79,26.1,11.2
Setiu Beriani Corner,4,54.01,33.46,5.95
"Setiu Route T1, Warung Batu",1,68.13,16.27,8.02
Shawarma Habibiy,4,73.6,15.89,4.51
Shell Out,4,73.38,17.88,3.32
Shell Perasing R&R,1,69.1,21.16,7.52
Siakap Garing Cili Songkhla,1,62.33,20.76,9.09
Singgang Ulam Budu,5,55.56,29.33,11.34
Skymaze Pizza,5,69.9,19.5,7.84
Snack Day,6,54.59,31.77,9.21
Sofiyan Seafood,1,67.56,20.65,7.1
Sofiyya Bistro,1,54.78,32.25,8.1
Soup Stall,4,61.32,28.42,5.56
"Sri Aman Seafood Restaurant And Caterer. Hall Available For Edu-Training, Anniversary, Farewell",1,68.78,21.36,7.16
Sri Tanjung Restaurant,5,70.4,17.61,7.67
Sri Tanjung Seafood,4,72.43,16.73,6.14
Stesen Celup Tepung Pata,4,73.59,16.57,4.93
Steven Coffee House,1,62.44,27.52,7.8
Straits Restaurant,1,69.9,21.07,5.18
Subway,1,62.91,19.74,9.92
Subway (Kuala Berang),1,68.79,19.71,6.76
Subway Paya Bunga Square,1,63.98,24.13,6.38
Suerasa Nasi Kerabu,2,50.01,29.48,12.71
Suite18 Boutique Hotel,1,59.97,32.16,5.0
Supian Tomyam,1,62.12,24.56,8.01
Surau Tuan Haji Yahya Bin Abdullah,4,84.2,4.54,3.24
Suria Link Boat Service,1,53.53,34.47,8.39
Surimu Coffee House,5,66.81,17.88,10.76
Sushi Kemaman (Sushi Ying),1,67.6,19.07,5.4
Sushi King,1,74.11,16.99,5.51
Suwa-Sano Cafe Besut Seafood Bakar,5,66.66,20.48,5.17
Swees Thai Cuisine Restaurant,1,80.66,7.51,6.66
T'Kaf,1,56.39,24.0,14.31
T-Homemade Cafe,6,62.46,26.07,10.22
"Table 10 Western Food, Kedai Gunting & Cyber Cafe",4,77.66,11.24,4.78
Taman By Esdelight,4,61.43,25.88,10.62
Taman Tamadun Islam ( Tti Management Sdn Bhd ),3,66.96,21.88,8.93
Taman Teluk Lipat,6,85.84,4.41,3.06
Tanjong Jara Resort,3,57.23,25.5,14.59
Tapow Station,4,81.65,5.95,4.28
Tasty Bowl 2,4,81.22,15.4,1.23
Tc Steak House,5,63.26,32.11,2.64
Temu Primula Hotel,1,76.35,16.84,4.04
Terang By Adda,4,69.04,14.47,6.56
Teratai Terrace,3,63.57,23.9,3.91
Terengganu State Museum,6,55.28,23.44,14.36
Terradala Museum Cafe,6,61.62,27.77,6.7
Thai Bbq Seafood,1,65.66,17.99,10.86
The Barat Restoran,5,65.36,27.54,4.93
The Beach Food Cafe,5,57.12,27.98,12.25
The Best Nasi Dagang Tuan Norlida Viral Sedap,1,52.46,26.52,12.77
The Brasseries,1,74.11,21.16,1.98
The Chicken Rice Shop Mydin Gong Badak,1,73.5,18.66,4.6
The Glaze By Hebak,5,65.33,26.01,4.74
The Grand Puteri Hotel,1,68.93,23.61,4.43
The Mamak - Nasi Kandar,6,51.7,27.53,15.58
The Nelang Cafe,1,57.08,28.02,9.48
The Payek Cafe,1,66.37,18.24,7.2
The Pertama Steak & Sushi House,1,80.06,12.42,2.25
The Retreat Tanjung Jara,1,68.49,22.4,6.88
The Syrup Vs Soda,5,55.69,21.59,13.06
The Taaras Beach & Spa Resort,3,66.01,22.63,6.52
The Vinum Xchange,5,61.53,25.12,10.09
The Waroong,4,58.58,22.19,11.83
Theburgeritos,4,79.37,10.24,3.27
Tidak Lagi Beroperasi.,4,67.17,26.77,1.87
Tokma Kitchen,4,63.36,27.82,6.1
Tong Juan Restaurant,6,70.57,23.9,3.44
Transit Cafe,1,50.48,31.56,5.21
Tuah Kopi,6,69.37,19.96,4.06
Tuna Bay Restaurant,5,52.58,26.0,16.77
Tussy Cafe,6,75.74,11.64,7.45
Twinto Burger Permaisuri,4,83.26,4.81,3.44
Umami Restaurant,6,74.64,15.87,5.14
Umi Sup Tulang Patin Tempoyak,4,54.72,29.75,5.36
Umira Nasi Kukus Kuala Berang,1,66.82,16.49,6.31
Uncle Chua Signature,5,64.91,29.55,3.85
Uncle Chua Signature (Pulau Warisan),5,57.35,23.87,15.32
Uncle Chua Signatures,5,59.42,26.91,10.04
Uncle Ng Restaurant,6,51.67,35.41,9.3
Uptown Kontena,1,54.94,27.64,14.34
Utiq Cafe,1,76.13,9.32,4.35
Viena Kunafa,4,84.83,4.6,3.05
Wan Tomyam,4,86.45,7.8,1.77
Wann Seafood,2,42.16,37.43,14.66
Warong Singgah Sokmo,4,63.57,25.28,6.23
Warong Tomyam Ikan 4S,1,60.79,26.05,7.71
Warung ''Pok Katok'',4,54.2,32.14,10.18
Warung 4111,2,66.53,21.08,6.67
Warung Aa Maju,1,72.03,14.68,6.75
Warung Aina (1),1,59.29,25.28,9.98
Warung Al-Kauthar Nasi Dagang,2,72.27,20.0,2.97
Warung Anak Manja,2,76.56,13.46,3.56
Warung Anak Tanjung,5,58.04,19.94,8.31
Warung Awang York Roti Canai,2,56.32,33.4,5.68
Warung Aziz Satar,6,49.28,28.25,13.34
Warung Bintang Baru,1,74.78,15.63,2.91
Warung Bira Bukit,4,73.04,18.34,2.82
Warung Bira Perahu,6,57.25,32.28,5.9
Warung Bunga Selasih (Tomyam),4,81.86,13.56,1.36
Warung Che Din,1,65.98,20.62,6.31
Warung Che Wan Nasi Dagang,2,58.57,31.56,4.36
Warung Cik Yah,2,79.99,5.85,4.18
Warung Cikgu,1,66.1,21.96,6.35
"Warung Ct, Kampung Telaga",2,80.48,11.98,2.39
Warung D Permata,4,76.27,9.89,4.09
Warung D'Nibong,4,55.35,18.85,17.91
Warung D'Taping Kemasik,1,66.41,19.03,10.4
Warung Dalam Kenangan,1,71.91,17.79,5.78
Warung Dee Roti Canai,4,68.21,22.01,3.05
"Warung Dek, Batu Enam",3,59.05,28.03,6.42
Warung Desa Tomyam,4,79.21,10.75,3.08
Warung Iman,1,57.85,22.29,10.09
Warung Jawa,2,57.68,27.51,8.03
Warung Kak Ani Nasi Ayam Bakar,4,50.4,35.07,11.77
Warung Kak Da,4,84.63,8.39,5.65
Warung Kak Dah Sarapan Pagi,2,43.2,32.14,8.19
Warung Kak Siti,3,66.04,29.51,1.65
Warung Kak Yah Pengkalan Arang,4,84.52,4.44,3.18
Warung Khemah Putih,6,73.52,20.94,3.48
Warung Klasik Je (Roti Tempayan),5,66.04,21.37,4.04
Warung Kopi Mat Siam Dan Malam,4,67.04,19.19,6.61
Warung Labu Labi Roti Canai,2,48.47,29.32,16.8
Warung Mamayah,4,67.47,24.58,5.3
Warung Mek Lamah - Masakan Dapur Kayu,6,68.39,21.16,5.56
Warung Mok Yah Mee Sup,2,58.7,24.48,5.3
Warung Mr.Baung,6,68.87,21.42,6.75
Warung Nasi Dagang Aroma Hz,1,56.37,25.67,13.18
Warung Nasi Dagang Su Meh,1,51.55,29.41,13.44
Warung Nasi Kerabu Nasi Lemak Sara,2,58.78,25.24,8.98
Warung Nasi Lemak Daun Pisang Kb,2,57.2,39.27,1.07
Warung Nasi Lemak Rm2.50,2,44.07,36.05,15.62
Warung No 5,2,65.87,16.68,12.11
Warung Nor & Fendi Roti Canai & Mee Sup,4,79.92,5.76,4.12
Warung Norazila Selera Kampung,5,68.16,18.95,5.77
Warung Ombak Biru,4,67.54,18.94,4.21
Warung Patin Tempoyak & Ulam Budu,2,81.88,5.36,3.84
"Warung Pok Choh (Pitstop 21300, Kuala Nerus)",2,48.66,31.75,13.5
Warung Pok Din & Angah,2,58.2,32.31,3.49
Warung Pok Nong (Celup Tepung),6,61.57,25.61,9.67
Warung Pok Yah Pasar Batu Enam,2,59.12,30.68,3.24
Warung Pokmat,4,90.88,2.62,1.87
Warung Rakaf,1,84.06,3.85,3.65
Warung Resepi Gugel,1,71.73,18.01,3.21
Warung Roti Canai Dan Murtabak,3,48.29,46.92,1.76
Warung Roti Tempayan,5,66.42,22.14,7.72
Warung Satar & Otok Otok,4,72.3,22.21,1.89
Warung Satay Sri Baung Permaisuri,5,67.25,18.69,8.02
Warung Selera Libas,4,60.61,24.01,8.67
Warung Sup Petaling Street,4,78.13,11.67,4.78
Warung Tok Yeh,4,74.65,7.27,5.21
Warung Villa Lebak,4,66.2,23.51,4.39
Warung Wok,3,62.86,27.13,8.16
Western'S Station,4,73.86,16.25,3.67
Wok & Grill Cafe,5,70.44,24.41,2.84
Woodfire,5,66.3,29.31,1.66
Wow Rc Setiu (Roti Blackpepper Joget Kambing),3,51.28,27.74,11.46
Yen Mokku Char Kuey Teow,4,74.65,7.27,5.21
Yes Corner Japanese Restaurant,5,60.92,21.48,15.36
You&Me Thai Street And Western,4,68.19,18.58,6.42
Yuan Jie Restaurant (Tian Xiang),6,62.68,26.08,7.51
Yuji Yakiniku,5,51.95,29.38,13.6
Z&R Station 2,5,67.8,20.51,8.99
Zaleha Kitchen,1,67.22,22.91,5.83
Zani Burger,1,52.44,24.63,21.36
Zanna Keropok Lekor D7,4,84.52,4.44,3.18
Zie'S Corner,5,53.56,30.33,12.25
Zuan Nasi Kerabu 2,2,67.89,24.57,2.49
Zul Ikan Bakar,1,61.78,23.0,12.75
Zurainalong,2,45.98,45.4,6.56
